customer_id,discount,delievry,fashion_cosmetic,grocery,transportation,ott,travel,restaurant,shopping,education,Pharmaceutical,Flowers & Plants
1,1,1,0,0,0,0,0,0,0,0,0,0
6,1,0,1,0,1,0,0,0,0,0,1,0
7,1,1,0,0,1,1,0,0,0,0,1,1
8,1,1,1,1,1,1,0,1,1,0,1,1
10,1,0,0,0,1,0,0,0,0,0,0,0
11,1,0,0,0,0,0,0,0,1,0,0,0
12,1,1,0,0,1,0,0,1,1,0,0,0
13,1,1,0,0,1,0,1,0,1,0,0,0
14,1,1,0,0,1,1,0,1,1,0,0,0
15,1,0,0,0,1,0,0,0,0,0,0,1
17,1,0,0,0,1,0,0,0,0,0,0,0
19,1,0,0,0,1,0,0,0,0,0,0,0
22,1,0,0,0,1,0,0,0,0,0,0,0
27,0,1,0,0,1,0,1,1,0,0,0,0
28,1,1,0,0,1,0,0,0,1,0,1,0
30,1,0,0,0,0,0,0,0,1,0,0,0
31,1,0,0,1,1,0,0,0,0,0,1,0
33,0,1,0,1,1,0,1,1,1,0,1,0
35,1,0,1,0,1,1,0,0,0,0,0,0
36,0,1,0,0,1,0,0,1,1,0,1,0
38,1,1,0,0,1,0,0,0,0,0,0,1
39,1,0,0,0,0,0,0,0,0,0,0,0
40,0,1,0,1,0,0,0,1,0,0,0,1
41,1,0,1,0,1,0,0,0,1,0,0,0
42,1,1,0,1,1,1,0,1,1,0,1,1
45,1,1,1,1,1,0,1,0,1,0,0,0
48,1,0,0,0,1,0,0,0,0,0,0,0
51,1,0,1,0,0,0,0,0,1,0,0,0
52,0,1,0,1,1,0,0,1,1,0,1,0
53,1,0,0,0,0,0,0,0,1,0,0,0
55,1,0,0,0,1,0,0,0,0,0,0,0
58,1,1,0,0,1,1,0,0,1,0,1,1
59,1,0,0,0,0,0,1,0,0,0,0,0
66,0,1,0,0,1,0,0,1,0,0,0,0
67,1,0,0,0,1,0,0,0,1,0,0,0
69,1,1,0,1,1,0,0,0,1,0,0,0
71,1,1,0,1,1,0,0,0,0,0,0,0
72,1,1,0,1,1,1,0,0,1,0,0,0
74,1,0,1,0,1,1,0,0,0,0,0,1
75,1,0,0,0,1,1,0,0,0,0,0,1
78,1,1,1,1,1,0,0,1,1,0,1,1
79,1,0,1,0,1,1,1,0,0,0,0,1
82,1,0,0,0,0,0,0,0,1,0,0,0
83,1,1,1,0,1,0,0,0,1,0,0,0
84,1,1,0,0,1,0,0,0,0,0,0,1
85,1,0,0,0,1,0,1,0,0,0,0,0
87,1,1,0,0,1,0,0,0,1,0,0,0
89,1,0,0,0,1,0,0,0,0,0,0,1
90,0,0,1,0,1,0,0,1,1,0,0,1
92,1,0,0,0,1,0,0,0,0,0,0,1
93,1,0,0,0,0,0,0,0,1,0,0,0
94,1,0,0,0,1,0,0,0,1,0,0,1
97,1,1,0,0,1,0,0,0,0,0,0,1
103,0,1,1,0,1,0,0,1,1,0,1,0
105,1,0,0,0,1,0,0,0,0,0,0,0
107,1,0,0,0,1,1,0,0,0,0,0,1
108,1,0,0,0,1,0,0,0,0,0,0,0
110,1,0,0,0,1,1,0,0,0,0,0,0
112,0,1,0,0,1,0,0,1,1,0,0,0
113,1,0,0,0,0,0,0,0,0,0,0,1
114,1,0,0,0,1,1,0,0,1,0,0,0
119,1,0,0,0,1,0,0,0,1,0,0,1
123,1,0,0,0,1,0,0,0,0,0,0,0
124,1,0,0,0,1,0,0,0,0,0,0,0
128,1,1,0,0,1,0,0,0,1,0,1,1
131,1,0,1,0,1,0,0,0,0,0,0,0
132,1,0,0,0,1,0,0,0,1,0,0,0
134,1,0,0,0,0,0,0,0,0,0,0,0
135,1,0,0,0,1,0,1,0,0,0,0,1
136,1,1,0,0,0,0,0,0,0,0,0,0
138,1,0,0,0,1,0,0,0,0,0,0,1
140,1,1,1,0,1,0,0,0,0,0,0,1
141,0,1,1,0,0,0,1,1,1,0,1,0
142,1,0,0,0,1,0,0,0,0,0,0,1
143,1,0,0,0,0,0,0,0,0,0,0,0
144,0,1,0,0,1,0,0,1,1,0,0,1
149,1,1,0,0,1,1,1,0,0,0,0,0
150,1,1,1,0,1,0,1,1,1,0,1,1
151,0,1,1,1,1,0,1,1,1,0,1,1
153,0,0,0,0,1,0,0,1,1,0,0,1
154,0,1,0,1,1,0,0,1,1,0,1,0
155,1,1,1,0,0,0,0,0,0,0,0,1
158,1,1,0,1,1,0,0,1,1,0,0,1
159,1,0,0,0,1,0,0,0,0,0,0,1
161,1,1,0,0,1,0,1,0,1,0,0,0
162,1,1,1,0,1,1,0,1,1,0,1,1
163,1,0,0,1,1,1,0,0,0,0,0,0
167,1,1,0,0,1,0,0,0,0,0,0,1
168,1,1,0,0,1,0,0,0,0,0,0,0
174,1,0,0,0,1,0,0,0,0,0,0,0
178,1,1,0,0,1,0,0,0,0,0,0,0
179,1,1,0,0,1,0,0,0,1,0,0,1
180,1,1,0,0,1,1,0,0,0,0,1,0
185,0,1,0,0,1,0,1,1,1,0,0,1
186,1,0,0,0,1,1,0,1,1,0,0,1
189,1,1,0,1,1,1,0,1,1,0,0,0
191,1,1,0,0,0,0,1,0,1,0,0,0
192,0,1,1,1,1,0,0,1,1,0,0,0
193,1,0,1,0,1,0,0,0,0,0,0,0
195,1,1,0,0,1,1,0,1,1,0,1,0
197,1,0,0,1,1,1,1,0,0,0,0,0
201,0,1,0,0,1,0,0,1,1,0,1,0
202,1,0,0,0,1,0,0,0,1,0,0,0
204,1,0,0,1,1,0,0,0,0,0,0,1
205,0,1,0,0,1,0,0,1,1,0,0,0
207,0,1,1,0,1,0,0,1,1,0,1,1
209,1,1,0,0,1,1,0,0,0,0,0,1
212,0,0,0,1,1,0,0,1,0,0,0,0
214,1,1,0,0,1,0,0,0,1,0,1,1
223,1,0,0,0,0,0,0,0,0,0,0,0
225,1,0,1,1,1,0,0,0,0,0,0,0
226,0,1,0,0,1,0,0,1,1,0,1,0
227,1,0,0,0,1,0,0,0,1,0,0,0
228,1,1,1,1,1,1,0,1,1,0,1,0
230,0,1,1,0,1,0,0,1,1,0,1,1
231,1,1,1,0,1,0,0,1,1,0,0,1
232,1,0,0,0,0,0,0,0,0,0,0,0
235,1,1,0,0,0,0,0,1,1,0,0,0
238,1,0,0,0,0,0,0,0,0,0,0,1
239,0,1,1,0,1,0,0,1,1,0,1,1
242,1,0,0,0,1,0,0,0,0,0,0,0
243,1,1,1,0,0,0,0,0,0,0,0,1
245,1,0,0,0,1,1,0,0,0,0,1,0
246,0,1,0,0,1,0,0,1,1,0,0,0
248,1,1,0,0,1,0,0,0,0,0,0,0
249,1,1,1,0,1,1,0,0,1,0,0,1
250,1,1,1,0,1,0,0,1,1,0,1,0
251,1,0,0,0,1,0,0,0,0,0,0,0
252,1,0,0,0,0,0,0,0,0,0,0,0
253,0,1,1,0,1,0,0,1,1,0,1,1
259,1,1,1,0,1,0,1,1,1,0,1,1
262,1,1,0,0,1,1,0,0,1,0,0,1
265,1,1,0,0,1,1,0,0,1,0,0,0
266,1,0,0,1,0,0,0,0,0,0,0,0
267,1,0,0,0,1,0,0,0,1,0,1,0
268,1,0,0,0,0,0,0,0,0,0,0,0
269,1,0,0,0,1,0,0,0,0,0,0,0
271,0,1,0,0,1,0,0,1,1,0,0,1
276,0,1,0,0,1,0,0,1,1,0,0,1
277,1,0,0,0,1,1,1,1,0,0,0,1
279,1,0,1,0,1,1,0,0,0,0,0,0
281,1,1,0,0,1,0,0,0,0,0,1,0
283,1,1,0,1,1,1,0,1,1,0,1,0
284,1,0,0,0,1,0,0,0,0,0,0,0
286,1,0,0,0,1,0,0,0,0,0,0,0
287,1,0,0,0,1,1,0,0,0,0,0,0
288,1,0,0,0,1,0,0,0,0,0,0,0
292,1,0,0,0,1,1,0,0,1,0,0,0
293,0,1,0,0,0,0,1,1,1,0,0,0
294,1,1,1,0,1,1,0,1,1,0,1,0
295,1,0,0,0,0,0,0,0,0,0,0,0
297,1,0,0,0,0,0,0,0,0,0,0,0
298,1,0,0,0,0,0,0,0,0,0,0,0
300,1,0,0,0,0,0,0,0,0,0,0,0
303,1,1,0,0,1,0,0,1,1,0,1,0
306,1,0,0,0,1,0,0,0,0,0,0,0
313,1,0,0,0,1,0,1,0,0,0,0,0
314,1,0,0,0,1,1,0,0,0,0,0,0
315,1,0,0,0,1,0,1,0,0,0,0,0
316,0,1,1,0,0,0,0,1,0,0,0,0
317,1,0,0,1,1,0,0,0,1,0,0,0
318,1,1,1,0,1,0,0,0,0,0,1,0
319,1,1,0,0,1,0,0,1,1,0,1,0
320,1,1,0,0,0,0,0,0,0,0,0,0
327,1,1,0,0,1,0,0,1,1,0,0,1
329,1,1,0,0,1,0,0,1,1,0,0,1
333,0,0,0,0,1,0,0,1,1,0,0,1
336,1,1,1,0,0,0,0,0,0,0,0,0
338,1,1,0,0,1,0,0,0,0,0,0,0
339,1,0,0,0,1,0,0,0,0,0,0,0
343,1,0,0,0,1,0,0,0,0,0,0,0
347,1,0,0,0,1,1,0,0,0,0,0,0
348,1,0,0,0,1,1,0,0,0,0,0,0
349,1,1,0,0,1,0,0,0,1,0,0,0
352,1,0,0,0,1,0,0,0,1,0,0,0
353,0,0,0,0,1,0,0,1,1,0,0,0
355,0,1,1,0,1,0,0,1,1,0,1,1
357,1,1,1,0,1,1,0,1,0,0,1,1
361,1,0,0,0,1,1,0,0,0,0,0,0
363,0,1,0,0,1,0,0,1,1,0,1,1
367,1,1,1,0,1,0,0,1,1,0,1,0
368,0,1,1,0,1,0,0,1,1,0,1,0
369,1,0,1,0,0,0,0,0,0,0,1,1
371,1,0,1,0,1,1,0,0,0,0,0,0
374,1,1,0,0,1,0,0,0,0,0,0,1
375,1,0,0,0,1,0,0,0,1,0,0,1
377,1,1,0,0,1,1,0,1,1,0,1,0
378,1,1,1,1,1,0,0,1,1,0,1,1
381,1,0,0,0,1,1,0,0,0,0,0,0
382,1,0,0,0,1,0,0,0,0,0,0,0
383,1,0,0,0,1,1,0,0,0,0,0,0
384,1,0,0,0,1,0,0,0,0,0,0,0
386,0,1,0,1,1,0,0,1,1,0,0,1
389,1,1,0,1,1,1,0,1,0,0,1,0
390,1,0,0,0,1,0,0,0,0,0,0,1
391,0,0,1,0,1,0,1,1,0,0,0,0
392,1,0,0,1,1,1,0,0,0,0,1,1
393,1,0,0,0,1,0,0,0,0,0,0,0
395,1,0,0,1,1,0,0,0,0,0,0,0
397,1,1,0,0,1,0,0,0,0,0,0,0
398,1,0,0,0,1,0,0,0,0,0,0,0
399,1,1,1,0,1,0,0,0,1,0,0,0
400,1,0,0,0,1,0,0,0,0,0,0,0
401,1,1,0,0,1,0,0,0,1,0,0,1
402,0,1,0,0,0,0,0,1,1,0,1,1
414,0,1,0,0,0,0,0,1,0,0,1,0
416,1,1,0,1,1,0,1,0,0,0,0,1
421,0,1,0,0,0,0,0,1,1,0,1,1
422,1,0,0,0,1,0,0,0,1,0,1,0
427,1,1,0,0,0,0,0,0,1,0,0,0
428,1,0,0,0,1,0,0,0,1,0,0,0
429,1,0,0,0,1,0,0,0,0,0,0,0
431,1,0,0,0,1,0,0,0,0,0,0,0
434,1,1,0,0,1,0,0,0,1,0,0,0
436,0,1,0,0,0,0,0,1,0,0,0,0
438,1,1,1,0,1,0,0,0,0,0,0,0
440,0,0,0,0,1,0,0,1,0,0,0,0
441,1,0,0,0,0,0,0,0,0,0,0,1
443,1,1,0,0,0,0,0,0,0,0,0,1
444,1,1,1,0,1,0,0,0,1,0,1,1
446,0,1,1,1,1,0,0,1,1,0,1,0
447,1,1,1,0,1,0,0,1,1,0,1,1
450,0,1,1,0,1,0,0,1,1,0,0,0
455,1,1,1,0,1,0,0,0,0,0,0,1
456,1,1,1,1,1,1,1,1,1,0,0,1
457,1,0,1,1,1,0,1,0,0,0,0,1
460,1,1,0,0,0,0,1,1,1,0,0,1
461,1,0,0,0,0,0,0,0,1,0,0,0
462,1,0,0,0,0,0,0,0,0,0,0,1
463,1,0,0,1,1,0,0,0,0,0,0,1
464,1,1,1,1,1,0,0,1,1,0,1,1
466,1,1,0,0,1,0,0,1,1,0,1,0
467,1,1,0,0,1,0,0,0,1,0,0,0
473,1,1,1,0,1,0,0,0,0,0,1,0
474,0,1,0,1,0,0,0,1,0,0,0,0
475,1,0,0,0,1,0,0,0,0,0,0,0
479,0,1,0,0,1,0,1,1,1,0,0,1
480,1,0,0,0,0,0,0,0,1,0,0,0
481,1,1,0,1,1,0,0,0,0,0,1,0
486,1,1,0,0,1,0,0,0,0,0,0,1
488,1,0,0,0,1,0,0,0,1,0,0,0
490,1,1,0,0,1,0,0,0,0,0,0,0
494,1,1,0,1,1,1,1,1,1,0,1,1
495,0,1,1,0,1,0,1,1,1,0,1,1
497,1,0,0,1,1,0,0,0,0,0,0,0
498,0,1,1,0,1,0,0,1,1,0,1,1
499,0,1,0,0,1,0,0,1,1,0,0,1
501,0,1,1,0,1,0,1,1,1,0,1,1
504,1,1,0,0,0,0,0,0,0,0,0,0
506,1,1,0,0,1,0,0,0,0,0,0,0
507,1,0,0,0,0,0,0,0,0,0,0,1
508,1,1,0,0,1,1,0,1,0,0,0,0
509,1,0,0,0,1,1,0,0,0,0,0,0
510,1,1,0,0,1,1,1,0,1,0,1,0
511,1,0,1,0,1,0,0,0,0,0,0,0
514,1,1,0,0,1,1,0,0,0,0,0,0
515,1,1,0,0,1,1,0,1,1,0,1,0
516,1,0,0,0,0,0,0,0,0,0,0,0
517,1,0,0,0,1,1,0,0,0,0,0,0
520,1,1,0,0,1,0,0,1,1,0,1,1
522,1,0,0,0,1,0,0,0,0,0,0,0
524,1,0,1,0,1,1,0,0,0,0,0,0
525,0,1,0,0,1,0,0,1,0,0,0,1
527,1,0,0,0,1,0,0,0,0,0,0,1
528,1,1,0,0,1,0,0,1,1,0,1,1
530,0,1,1,1,1,0,0,1,1,0,1,0
533,0,1,1,1,1,0,1,1,1,0,1,1
536,0,1,0,0,1,0,0,1,0,0,0,0
537,1,1,1,0,1,1,0,1,0,0,1,0
540,1,0,0,1,1,1,0,0,0,0,0,1
541,1,1,1,0,1,1,0,1,0,0,1,0
544,1,0,0,0,0,0,0,0,0,0,0,0
545,1,0,0,0,0,0,0,0,0,0,0,0
546,1,1,1,0,1,1,0,1,0,0,1,1
549,1,0,0,0,1,0,0,0,0,0,0,0
550,1,0,0,0,1,0,0,0,1,0,0,1
551,0,1,1,0,1,0,0,1,0,0,0,0
552,1,1,1,0,0,0,0,0,0,0,1,0
553,0,1,1,0,1,0,0,1,1,0,1,0
557,1,1,0,1,1,1,1,1,1,0,0,0
558,1,0,0,0,1,0,0,0,0,0,0,0
560,1,0,1,0,1,0,0,0,0,0,0,0
561,1,1,0,0,1,0,0,0,1,0,0,1
564,1,0,0,0,1,0,0,0,0,0,0,0
565,1,1,1,0,1,1,0,1,1,0,1,1
566,1,1,0,1,1,1,0,1,1,0,1,1
569,0,1,0,0,1,0,0,1,0,0,1,1
571,0,1,1,0,0,0,0,1,1,0,1,1
572,0,1,1,0,1,0,0,1,1,0,1,1
574,1,0,0,0,1,0,0,0,0,0,0,0
575,1,1,0,0,0,0,0,0,1,0,0,0
577,1,0,0,0,1,0,0,0,1,0,0,0
579,1,1,0,0,1,1,0,0,0,0,0,0
581,1,0,0,0,1,0,0,0,0,0,0,0
585,1,0,0,1,1,0,0,0,1,0,0,1
586,1,0,0,0,1,0,0,0,1,0,0,0
590,1,1,1,0,1,0,0,0,1,0,1,1
593,1,1,0,0,1,0,0,0,0,0,0,0
595,1,1,0,0,1,1,0,0,1,0,1,0
596,1,1,0,0,1,0,0,0,1,0,0,1
600,0,0,0,0,1,0,0,1,0,0,0,0
602,1,0,1,0,1,1,0,0,0,0,0,1
606,1,0,0,0,1,1,0,0,1,0,0,0
607,1,1,0,0,0,0,0,0,0,0,0,0
608,1,1,1,0,1,1,0,1,0,0,0,0
612,1,0,0,0,1,1,0,0,0,0,1,0
613,0,1,0,0,1,0,0,1,0,0,1,0
615,1,0,0,1,1,0,0,0,0,0,0,0
619,0,1,1,0,1,0,0,1,1,0,1,1
620,1,1,0,0,1,1,0,0,0,0,0,1
622,0,1,1,1,1,0,1,1,1,0,1,0
624,1,0,1,1,1,1,0,1,1,0,0,1
626,1,1,1,0,1,0,0,1,1,0,1,0
627,1,1,1,1,1,0,0,1,1,0,1,1
628,1,0,1,0,1,0,0,0,1,0,0,1
630,1,0,0,0,1,1,0,0,0,0,0,0
634,1,1,0,1,0,0,1,0,0,0,0,0
636,1,0,0,0,0,0,0,0,0,0,0,0
637,0,1,0,0,1,0,0,1,1,0,1,0
641,1,0,0,0,1,0,0,0,1,0,0,0
642,1,0,0,0,1,0,0,0,0,0,0,0
643,1,0,0,0,1,1,0,0,0,0,0,1
648,1,0,1,1,1,0,0,0,0,0,0,0
649,1,1,0,1,1,0,1,0,0,0,0,1
650,0,0,0,0,1,0,0,1,1,0,0,0
653,1,0,0,1,1,0,0,0,0,0,0,0
655,0,1,0,0,1,0,0,1,1,0,1,1
656,1,1,0,1,1,0,0,0,0,0,0,0
657,1,1,0,1,1,1,0,0,1,0,0,0
660,1,0,1,0,1,0,0,0,0,0,0,0
663,1,0,0,0,0,0,0,0,0,0,0,0
665,1,1,0,0,1,1,0,1,1,0,1,0
666,1,1,1,0,1,1,0,1,1,0,0,0
667,1,1,0,0,1,1,0,1,0,0,0,0
668,1,0,1,0,1,1,0,0,1,0,0,1
674,1,0,0,0,0,0,0,0,1,0,0,0
677,1,1,1,0,1,0,0,0,1,0,1,0
679,1,1,0,0,1,0,1,0,1,0,1,0
681,1,0,0,0,0,0,0,0,0,0,0,0
684,1,0,0,0,1,0,1,0,1,0,0,0
686,1,0,0,0,1,1,0,0,1,0,1,0
687,0,1,1,0,1,0,0,1,0,0,0,0
691,0,1,0,1,1,0,0,1,1,0,0,0
693,1,0,0,0,1,1,0,0,0,0,0,0
695,0,1,1,0,0,0,1,1,1,0,1,0
696,1,0,0,0,1,0,0,0,0,0,0,0
698,1,0,0,0,1,1,0,0,0,0,0,0
703,0,1,1,0,1,0,1,1,0,0,1,0
704,0,1,0,1,1,0,0,1,1,0,0,0
708,0,1,1,0,1,0,0,1,1,0,1,1
712,1,0,0,0,1,0,0,0,1,0,0,0
716,1,1,0,1,1,0,0,0,0,0,0,0
719,1,0,0,0,0,0,0,0,1,0,0,0
724,1,0,0,0,1,1,0,0,0,0,0,0
725,1,1,0,0,0,0,1,0,1,0,1,0
726,1,0,0,0,1,0,0,0,0,0,0,0
731,1,0,0,0,0,0,0,0,0,0,1,0
732,1,1,0,0,1,0,0,0,0,0,0,0
735,1,1,1,0,1,0,0,1,1,0,1,1
737,1,1,0,1,1,0,0,1,1,0,1,0
738,1,0,0,0,1,0,0,0,0,0,1,0
740,1,1,1,0,1,0,0,0,1,0,1,1
742,1,0,0,0,1,0,0,0,0,0,0,0
743,1,1,0,0,1,0,0,0,0,0,0,1
744,1,0,0,0,0,0,0,0,0,0,0,0
745,1,1,0,0,1,0,0,0,0,0,0,1
746,1,0,0,0,1,1,0,0,0,0,1,0
748,1,1,1,0,1,0,0,1,1,0,1,1
749,0,1,1,1,1,0,0,1,1,0,1,1
750,1,1,0,0,1,1,1,0,1,0,0,0
751,1,0,0,0,1,1,0,0,0,0,0,1
752,1,0,0,1,1,1,1,0,0,0,0,0
753,1,1,0,0,1,1,0,0,0,0,0,0
754,1,0,0,0,1,0,0,0,0,0,0,0
755,1,1,0,0,1,0,0,1,1,0,0,1
760,1,1,0,1,1,0,0,0,1,0,0,1
762,1,1,0,0,1,0,0,0,0,0,0,0
763,1,1,0,0,1,1,0,0,0,0,1,1
766,0,1,1,0,1,0,0,1,0,0,0,1
774,1,0,0,1,1,0,0,0,0,0,0,0
775,1,0,0,0,1,1,0,0,0,0,0,0
776,1,1,0,0,1,0,1,0,1,0,0,0
779,1,1,0,1,1,1,0,1,1,0,0,0
781,1,1,1,0,1,0,0,1,1,0,1,1
782,1,1,0,0,0,0,0,1,1,0,0,1
784,1,0,0,0,1,0,0,0,0,0,0,0
785,0,1,0,0,1,0,0,1,0,0,0,0
789,1,1,1,0,1,0,0,0,1,0,1,0
792,1,1,0,0,1,0,0,0,1,0,0,0
793,1,1,0,0,1,0,0,1,1,0,1,0
795,1,0,0,0,1,0,1,0,0,0,0,0
796,1,0,0,0,1,0,0,0,0,0,0,0
797,1,0,0,0,1,0,0,0,0,0,0,1
799,0,1,1,0,0,0,0,1,1,0,1,1
800,1,1,1,0,1,0,0,0,1,0,1,0
801,1,1,0,0,1,1,0,0,1,0,0,0
802,1,0,1,0,1,0,0,0,1,0,1,1
806,1,0,0,0,1,0,0,0,0,0,0,0
808,0,1,0,0,0,0,0,1,1,0,1,1
813,1,1,0,1,1,1,0,0,0,0,1,0
817,1,0,0,0,0,0,0,0,0,0,0,0
821,1,0,0,0,0,0,0,0,0,0,0,0
822,1,0,0,0,1,0,0,0,0,0,0,1
823,1,1,0,1,1,0,0,0,1,0,1,0
824,1,0,1,1,1,0,0,0,0,0,0,0
828,1,1,0,0,1,1,0,0,1,0,1,0
829,1,0,0,0,1,0,0,0,0,0,1,0
833,1,0,0,0,0,0,0,0,0,0,0,1
835,1,1,0,0,0,0,0,0,1,0,1,1
837,1,0,0,0,1,1,0,0,0,0,0,0
839,1,0,0,0,1,0,0,0,1,0,0,1
842,0,1,0,1,1,0,0,1,1,0,1,1
844,1,1,1,1,1,0,0,1,1,0,1,1
851,0,1,0,0,1,0,0,1,1,0,0,1
853,1,0,0,0,0,0,0,0,1,0,0,0
855,1,0,0,0,0,0,0,0,1,0,0,0
856,1,0,0,0,1,1,0,0,0,0,0,0
857,1,0,1,0,0,0,0,0,0,0,0,1
859,1,1,0,0,1,0,0,1,1,0,1,1
860,1,1,0,0,1,1,0,0,0,0,0,0
861,1,1,0,0,0,0,1,0,1,0,0,1
864,1,1,1,0,0,0,1,1,1,0,1,1
865,1,1,1,0,1,1,0,1,1,0,1,0
867,1,0,0,0,1,0,0,0,1,0,0,0
871,1,1,1,0,1,0,0,1,1,0,1,0
872,1,0,1,0,0,0,0,0,0,0,0,0
874,0,1,1,0,1,0,0,1,1,0,1,0
876,0,1,1,0,1,0,0,1,0,0,0,0
877,1,0,0,0,1,0,0,0,0,0,0,0
878,1,1,0,0,0,0,0,1,1,0,0,0
879,1,1,0,0,1,0,0,0,0,0,0,0
880,1,0,0,0,0,0,0,0,1,0,0,0
886,1,0,0,0,1,0,0,0,0,0,1,0
888,1,0,0,0,1,1,0,0,0,0,0,0
889,1,1,0,0,1,0,0,1,1,0,0,0
891,1,0,1,0,1,0,0,0,0,0,0,0
892,1,0,0,0,1,0,0,0,0,0,0,0
894,1,0,0,0,1,1,1,0,0,0,0,1
896,1,0,1,0,0,0,0,0,0,0,1,1
897,1,0,0,0,1,0,0,0,0,0,0,0
898,0,1,1,0,1,0,0,1,1,0,1,1
901,1,1,0,0,1,1,0,0,1,0,0,1
902,1,1,0,0,1,0,0,0,0,0,0,0
904,1,0,0,0,1,0,1,0,0,0,0,0
905,1,0,0,0,1,0,0,0,1,0,0,0
909,1,1,1,1,1,0,0,1,1,0,1,1
910,1,0,0,0,1,0,0,0,0,0,0,0
911,1,1,1,0,1,0,0,1,1,0,1,1
912,1,0,0,0,0,0,0,0,0,0,0,0
917,1,0,0,0,1,0,0,0,1,0,0,0
918,1,1,0,0,1,1,0,1,0,0,0,1
921,1,0,0,1,1,0,0,0,0,0,0,1
922,0,1,0,0,0,0,0,1,0,0,0,0
923,1,0,0,0,1,0,0,0,0,0,0,1
925,1,1,0,0,1,0,0,0,0,0,0,0
926,1,1,0,0,1,1,0,1,1,0,0,1
928,1,1,1,0,1,0,0,0,1,0,1,1
929,1,0,0,0,1,1,1,0,0,0,0,0
930,1,0,0,0,1,1,0,0,0,0,0,0
931,1,0,0,0,1,1,0,0,0,0,0,0
932,1,1,0,0,1,0,0,0,0,0,0,0
933,1,0,0,0,1,1,1,0,0,0,0,0
936,1,1,1,0,0,0,0,0,0,0,1,0
937,1,0,0,0,0,0,1,0,0,0,0,0
939,1,0,0,0,0,0,0,0,0,0,0,0
941,1,0,0,0,0,0,0,0,0,0,0,0
944,1,1,1,0,1,0,0,0,0,0,0,1
947,1,1,1,0,1,0,1,0,0,0,0,1
952,1,1,0,1,1,0,0,0,0,0,0,0
955,1,1,1,0,1,0,0,0,0,0,0,0
957,1,1,0,0,1,1,0,1,1,0,1,1
958,0,1,1,0,1,0,0,1,0,0,1,1
959,1,1,1,0,1,0,0,1,1,0,1,0
962,1,1,0,0,1,1,0,1,1,0,0,0
964,0,1,0,0,1,0,0,1,1,0,0,0
965,1,0,0,0,1,1,0,0,0,0,1,0
966,1,1,0,1,1,0,0,0,1,0,0,0
967,0,1,1,0,1,0,0,1,1,0,1,0
970,1,0,1,0,1,0,0,0,1,0,0,0
974,1,0,0,0,1,0,0,0,1,0,0,1
977,1,1,0,0,1,0,0,0,1,0,0,1
978,1,1,0,1,1,1,0,1,1,0,0,0
980,1,1,0,0,1,0,0,0,0,0,0,0
981,0,1,1,0,1,0,0,1,1,0,1,0
982,1,0,0,0,1,0,0,0,1,0,0,0
983,1,1,1,0,0,0,0,0,1,0,0,0
985,1,0,0,0,1,0,0,0,0,0,0,0
988,1,1,0,0,1,0,0,0,1,0,0,0
990,1,0,0,0,1,1,0,0,1,0,0,0
994,0,1,1,0,1,0,1,1,1,0,1,1
997,1,0,1,0,1,0,0,0,1,0,0,1
999,1,0,0,0,1,1,1,0,0,0,0,1
1003,1,1,0,0,1,0,0,0,0,0,0,1
1008,1,0,0,0,1,0,0,0,0,0,0,0
1011,1,1,1,1,1,0,0,1,1,0,1,1
1015,1,0,1,0,1,0,0,0,0,0,0,1
1021,1,0,0,0,1,1,0,0,0,0,0,1
1023,1,1,0,1,1,1,1,0,1,0,0,0
1025,1,1,1,0,1,0,1,1,1,0,1,1
1026,1,0,0,1,1,1,0,0,0,0,0,0
1031,1,0,0,0,1,0,0,0,1,0,0,0
1033,1,1,1,0,1,0,0,0,1,0,1,0
1036,0,1,1,0,1,0,1,1,1,0,0,1
1045,0,1,0,0,1,0,0,1,1,0,0,0
1046,0,1,1,0,1,0,0,1,1,0,1,0
1047,1,0,0,0,1,0,0,0,0,0,1,0
1051,1,0,0,0,1,0,0,0,0,0,0,1
1053,1,0,0,0,1,0,0,0,0,0,0,0
1054,1,0,0,0,1,0,1,0,0,0,0,0
1055,1,1,1,0,1,1,0,1,1,0,0,1
1056,1,1,0,0,1,0,0,0,1,0,0,0
1057,1,0,0,0,1,0,0,0,0,0,0,0
1058,1,0,1,0,1,0,0,0,0,0,0,0
1061,1,1,1,0,1,0,0,0,1,0,1,0
1062,1,0,0,0,1,0,0,0,1,0,0,0
1063,1,0,1,0,1,1,0,0,0,0,0,0
1064,1,1,0,0,1,0,1,1,1,0,1,1
1067,1,1,0,0,1,0,1,0,1,0,0,0
1068,1,1,0,0,1,0,0,0,1,0,1,1
1070,0,1,1,0,0,0,0,1,1,0,1,1
1076,1,1,1,0,1,1,1,1,1,0,0,1
1079,1,0,0,0,1,0,0,0,0,0,0,0
1082,1,0,0,0,0,0,0,0,0,0,0,1
1083,1,0,0,1,1,1,0,0,1,0,1,0
1085,1,0,1,0,1,0,1,0,0,0,0,0
1089,1,0,1,1,1,0,0,0,0,0,0,1
1091,1,1,1,1,1,0,1,1,1,0,1,1
1093,1,1,1,1,1,0,0,1,1,0,1,1
1094,1,0,1,0,1,0,0,0,0,0,0,0
1103,1,1,0,0,1,1,0,1,1,0,1,0
1104,0,0,0,0,0,0,0,1,1,0,0,0
1108,1,0,0,1,1,1,0,0,0,0,0,1
1109,0,1,0,0,1,0,0,1,1,0,1,1
1111,1,0,0,0,1,0,0,0,0,0,0,0
1115,1,1,0,0,1,0,0,1,1,0,0,1
1116,1,1,0,0,1,1,0,0,0,0,0,0
1117,1,1,0,0,0,0,0,0,1,0,0,1
1119,1,1,1,0,1,0,0,0,0,0,0,1
1120,0,0,1,0,1,0,0,1,0,0,0,1
1121,1,1,0,0,1,1,0,1,1,0,1,0
1122,0,1,0,0,0,0,0,1,1,0,1,1
1128,1,0,0,0,1,0,0,0,0,0,0,0
1129,0,0,1,0,0,0,1,1,1,0,0,1
1130,1,0,0,0,1,0,0,0,0,0,0,1
1131,1,0,0,1,1,1,0,0,0,0,0,1
1133,0,1,0,0,1,0,0,1,1,0,0,0
1135,1,0,0,0,0,0,0,0,0,0,0,0
1136,1,1,1,0,1,0,0,1,1,0,1,1
1141,1,0,0,0,0,0,0,0,1,0,0,0
1142,0,1,0,0,0,0,0,1,0,0,0,1
1144,1,1,0,1,1,1,0,0,0,0,0,0
1145,0,1,0,1,1,0,0,1,1,0,0,0
1151,1,0,0,0,1,0,0,0,1,0,0,0
1152,0,1,1,0,1,0,1,1,1,0,1,1
1153,1,0,0,0,1,0,1,0,0,0,0,1
1154,0,1,0,0,1,0,0,1,1,0,0,0
1156,0,1,1,0,0,0,1,1,0,0,0,1
1161,1,0,0,0,1,1,0,1,0,0,0,0
1164,1,0,0,1,1,1,0,0,0,0,0,0
1166,0,1,1,1,1,0,0,1,1,0,0,1
1167,0,1,1,0,1,0,0,1,1,0,0,1
1168,1,0,1,0,1,1,0,0,0,0,1,1
1170,1,1,0,0,1,0,0,0,1,0,1,0
1172,1,0,0,0,0,0,0,0,0,0,0,0
1178,1,0,0,0,1,0,1,0,1,0,1,0
1179,1,0,0,0,1,0,0,0,0,0,0,0
1181,1,0,1,0,1,0,0,0,1,0,1,1
1182,1,1,1,0,1,1,0,1,1,0,1,0
1184,1,1,1,0,1,0,0,1,1,0,1,1
1187,1,0,1,0,1,1,0,1,1,0,0,0
1188,1,0,0,0,1,0,0,0,0,0,0,0
1190,1,0,1,0,0,0,0,0,0,0,1,0
1192,1,1,1,0,0,0,0,0,1,0,1,1
1194,1,0,1,1,1,0,0,0,0,0,0,0
1195,1,0,0,0,0,0,0,0,1,0,0,0
1196,1,0,0,0,1,0,0,0,0,0,0,0
1198,1,1,0,0,1,1,0,0,0,0,0,0
1201,1,1,0,0,1,1,0,0,0,0,0,1
1202,1,0,0,0,1,0,0,0,0,0,0,1
1203,1,1,0,0,1,0,0,0,1,0,0,1
1205,1,0,0,0,1,0,0,0,0,0,0,1
1208,0,1,0,0,0,0,0,1,1,0,1,1
1210,1,1,0,0,1,0,1,1,1,0,0,0
1211,1,0,0,0,1,0,0,0,0,0,0,0
1216,1,1,0,1,1,1,0,1,1,0,1,0
1217,1,0,0,0,1,1,0,0,1,0,0,0
1219,1,0,0,0,1,0,0,0,1,0,0,0
1220,1,0,0,0,1,0,0,0,0,0,0,0
1222,1,1,0,0,1,0,0,0,0,0,0,0
1224,1,1,0,0,1,1,0,1,1,0,1,0
1228,1,0,0,0,0,0,0,0,0,0,0,1
1230,1,0,0,0,0,0,0,0,0,0,0,0
1231,1,0,0,0,1,1,0,0,1,0,1,0
1239,1,1,1,0,1,0,0,1,1,0,1,1
1240,1,0,0,1,1,1,0,0,0,0,0,0
1242,1,0,0,0,1,0,0,0,0,0,0,0
1243,1,1,0,0,0,0,0,0,1,0,0,1
1245,1,0,0,0,1,1,0,1,0,0,0,0
1246,1,1,0,1,1,1,1,1,1,0,1,0
1249,1,0,1,0,0,0,0,0,0,0,0,0
1250,0,1,0,1,1,0,0,1,1,0,0,0
1252,1,1,1,1,1,1,0,1,1,0,1,1
1254,1,1,1,0,1,1,0,0,0,0,0,0
1256,1,0,0,0,1,0,0,0,0,0,0,0
1257,1,1,0,0,1,0,0,1,1,0,1,0
1258,1,0,0,0,1,0,0,0,0,0,0,0
1259,0,1,1,0,1,0,0,1,1,0,1,0
1262,1,0,0,0,1,0,0,0,0,0,0,0
1263,1,1,0,0,1,0,0,0,1,0,1,1
1264,1,0,0,0,1,1,0,0,0,0,0,0
1268,0,0,1,0,1,0,0,1,0,0,0,0
1269,1,0,0,0,1,0,0,0,1,0,0,1
1271,0,1,1,1,1,0,1,1,1,0,1,0
1273,1,0,0,0,1,1,0,1,1,0,1,0
1276,1,0,0,0,1,0,0,0,0,0,0,1
1284,1,1,0,0,1,0,0,0,0,0,0,0
1290,1,1,0,1,1,0,0,0,0,0,0,1
1292,1,0,0,0,1,0,0,0,0,0,0,1
1295,1,0,0,0,1,0,0,0,0,0,0,0
1296,1,1,1,0,1,1,0,1,1,0,1,1
1298,1,0,0,0,1,1,0,0,1,0,0,0
1299,1,0,0,0,0,0,0,0,1,0,0,0
1300,1,0,0,0,1,1,0,0,1,0,0,0
1303,1,0,0,0,0,0,0,0,1,0,0,1
1304,1,0,0,0,1,0,0,0,0,0,0,0
1305,1,0,0,0,1,0,0,0,1,0,1,1
1309,1,1,0,0,1,1,0,1,1,0,1,0
1314,1,1,0,0,1,0,0,0,0,0,0,0
1316,1,0,0,0,0,0,0,0,0,0,0,1
1317,1,1,1,0,1,0,1,1,1,0,1,0
1318,1,0,1,0,1,0,0,0,1,0,0,0
1319,0,1,0,0,1,0,0,1,1,0,0,0
1320,1,1,1,0,1,1,0,0,1,0,1,1
1321,1,0,0,0,1,0,0,0,0,0,0,0
1322,1,0,0,0,1,0,0,0,1,0,0,0
1324,1,0,0,1,1,0,0,0,1,0,0,0
1327,1,0,0,0,0,0,0,0,0,0,0,0
1328,1,0,1,0,0,0,0,0,0,0,0,1
1329,1,0,0,1,1,0,0,0,1,0,0,0
1332,0,1,1,0,1,0,0,1,1,0,1,1
1333,1,0,0,0,1,0,0,0,1,0,0,0
1334,1,0,0,1,1,0,0,0,0,0,0,1
1336,1,1,0,1,1,0,1,1,1,0,1,1
1337,0,1,1,1,1,0,0,1,1,0,1,1
1339,1,0,0,0,0,0,0,0,0,0,0,0
1340,1,0,0,0,1,0,0,0,0,0,0,0
1341,1,1,0,1,1,1,0,1,1,0,1,0
1343,1,1,0,0,1,1,0,1,1,0,0,1
1344,1,1,1,0,1,1,0,0,0,0,0,0
1346,0,1,1,0,0,0,0,1,1,0,1,0
1347,1,1,1,0,1,0,0,1,1,0,1,1
1356,1,0,0,0,1,1,0,1,1,0,0,0
1357,1,0,0,1,0,0,0,0,0,0,0,0
1359,1,1,0,0,1,0,0,0,0,0,0,0
1360,0,1,1,0,1,0,0,1,1,0,0,0
1361,1,0,0,0,1,1,0,0,0,0,0,0
1364,1,0,0,0,1,0,0,0,0,0,1,1
1367,0,1,0,0,1,0,0,1,0,0,0,0
1370,1,0,0,0,1,1,0,0,1,0,0,0
1373,1,0,0,0,1,0,0,0,0,0,0,0
1374,1,0,0,0,0,0,0,0,0,0,0,0
1375,1,0,0,0,1,0,0,0,0,0,0,0
1376,1,0,1,0,0,0,0,0,0,0,0,1
1377,1,1,1,0,1,1,0,0,1,0,1,0
1378,1,1,1,1,1,1,0,1,1,0,1,0
1379,1,1,0,0,1,0,0,0,0,0,0,0
1381,1,0,0,0,0,0,0,0,0,0,0,1
1382,0,1,1,1,1,0,0,1,1,0,0,1
1383,1,1,1,0,1,1,0,1,1,0,1,1
1384,1,1,0,0,0,0,0,0,1,0,0,1
1385,1,0,0,0,1,0,0,0,0,0,1,0
1386,1,1,0,0,1,1,0,1,0,0,0,0
1387,1,1,0,0,1,0,1,0,1,0,1,1
1388,1,1,1,0,1,0,1,0,0,0,1,1
1392,0,1,0,1,1,0,0,1,1,0,1,1
1393,1,1,0,1,1,1,0,0,1,0,1,1
1398,1,1,1,0,1,0,0,0,0,0,0,1
1399,1,0,0,0,0,0,0,0,0,0,0,0
1402,1,1,0,0,1,1,0,1,0,0,1,1
1407,0,0,0,0,1,0,0,1,0,0,1,0
1408,1,1,1,0,1,1,1,1,1,0,1,1
1409,1,1,1,0,0,0,0,0,1,0,0,1
1410,0,0,0,0,1,0,0,1,0,0,0,1
1412,1,0,0,0,1,0,0,0,0,0,0,1
1417,1,1,0,0,1,0,0,0,1,0,0,0
1422,1,0,0,0,1,0,0,0,0,0,0,0
1424,0,0,1,1,1,0,0,1,1,0,0,0
1425,1,1,1,0,1,1,0,0,0,0,0,0
1427,1,1,1,0,1,0,1,0,1,0,1,1
1431,0,1,0,0,1,0,1,1,1,0,1,1
1432,1,1,1,0,1,1,1,1,1,0,0,0
1433,1,0,0,0,0,0,0,0,0,0,0,0
1440,1,0,0,0,1,1,0,0,0,0,0,0
1441,1,1,1,0,1,0,1,0,1,0,1,1
1443,1,0,0,0,0,0,1,0,0,0,0,1
1444,0,1,1,0,1,0,0,1,1,0,1,1
1449,0,1,0,1,1,0,0,1,1,0,0,0
1450,0,1,0,0,1,0,0,1,1,0,1,1
1451,0,1,1,0,1,0,0,1,1,0,1,1
1452,1,0,0,0,0,0,0,0,0,0,0,0
1453,0,1,1,0,1,0,0,1,0,0,1,0
1455,1,0,0,0,1,0,0,0,0,0,0,1
1457,1,1,0,0,1,0,0,1,1,0,0,0
1458,0,1,0,0,1,0,0,1,1,0,0,0
1460,0,1,1,0,1,0,0,1,1,0,1,0
1461,0,1,0,0,1,0,0,1,0,0,0,1
1463,1,1,1,1,1,0,0,1,1,0,1,1
1464,1,1,1,0,1,1,0,0,1,0,1,0
1466,0,1,1,0,1,0,1,1,1,0,1,1
1467,1,0,1,0,1,0,0,0,0,0,0,1
1469,1,1,1,0,1,0,0,1,1,0,1,1
1471,1,1,0,0,1,0,0,0,1,0,1,0
1472,1,1,0,1,1,0,0,1,1,0,1,1
1473,0,1,1,0,1,0,0,1,1,0,1,1
1475,1,1,0,1,0,0,0,0,1,0,1,1
1477,0,1,0,0,1,0,1,1,1,0,1,1
1478,1,0,0,0,0,0,0,0,0,0,0,0
1479,1,0,0,0,1,1,1,0,1,0,1,1
1483,1,0,0,0,1,0,0,0,0,0,0,1
1485,1,1,1,0,1,0,0,1,1,0,1,1
1489,1,0,0,0,1,0,0,0,0,0,0,0
1490,1,1,1,0,1,1,0,1,1,0,1,0
1491,1,0,1,0,1,1,0,0,0,0,1,0
1492,0,1,0,0,1,0,0,1,1,0,1,0
1494,1,1,0,0,1,0,0,0,1,0,1,0
1496,1,0,0,0,1,1,0,0,0,0,0,1
1500,0,0,0,0,1,0,0,1,1,0,0,0
1502,1,1,1,0,1,0,0,0,0,0,0,0
1504,1,1,1,1,1,1,0,1,1,0,1,1
1506,1,0,0,0,1,0,0,0,0,0,0,0
1512,1,0,0,0,1,1,0,0,0,0,0,1
1514,1,1,0,0,1,0,0,0,1,0,0,1
1518,1,1,0,0,1,0,1,1,1,0,1,0
1519,1,0,0,0,1,1,0,0,0,0,0,0
1520,1,0,1,0,1,1,0,0,0,0,0,1
1521,1,0,0,0,1,0,0,1,1,0,0,0
1523,1,0,0,0,0,0,0,0,1,0,0,0
1528,1,0,0,0,1,0,0,0,0,0,0,0
1529,1,1,0,1,1,0,0,1,1,0,0,1
1533,1,0,0,0,1,1,0,0,0,0,0,0
1534,1,1,0,0,1,0,0,1,1,0,0,1
1537,1,1,1,0,1,1,0,1,0,0,1,0
1538,0,1,0,1,1,0,0,1,0,0,1,1
1544,1,1,0,0,1,0,0,1,1,0,0,0
1545,0,0,0,0,1,0,1,1,1,0,0,1
1546,1,1,1,0,1,0,0,0,1,0,1,1
1547,1,1,1,0,1,0,0,1,1,0,1,1
1551,1,1,1,0,1,0,0,0,0,0,0,0
1552,1,0,1,0,1,0,0,0,1,0,1,0
1558,1,1,1,0,1,0,1,1,1,0,1,1
1566,1,1,0,0,1,1,1,1,1,0,1,1
1569,1,0,0,0,1,0,0,0,0,0,0,0
1572,1,1,0,0,1,0,1,0,0,0,0,0
1573,0,1,1,0,1,0,0,1,1,0,1,1
1574,1,1,1,0,1,0,0,1,1,0,1,1
1577,1,0,0,0,1,0,0,0,0,0,0,0
1578,0,0,0,0,1,0,0,1,0,0,1,0
1579,1,0,0,0,1,0,0,0,1,0,0,1
1580,1,0,0,0,1,1,0,0,0,0,0,0
1581,1,0,0,0,1,1,0,0,0,0,0,0
